<?xml version="1.0" encoding="UTF-8"?>

<DBMetaData driverMajorVersion="5" driverMinorVersion="1" driverVersion="mysql-connector-java-5.1.31 ( Revision: alexander.soklakov@oracle.com-20140520065950-groqzzbvxprqdmnz )" productVersion="5.5.5-10.4.18-MariaDB" identifierQuoteString="`" transactionLevel="Repeatable read" driverName="MySQL Connector Java" productName="MySQL">
  <Table schema="" ignoreIndexes="false" name="agenda" type="TABLE" refreshed="true">
    <Column sqlTypeId="4" indexed="unknown" autoIncrement="false" type="INT" size="10" decimalDigits="0" name="oid" primaryKey="true" notNull="true"/>
  </Table>
  <Table schema="" ignoreIndexes="false" name="argomento" type="TABLE" refreshed="true">
    <Column sqlTypeId="4" indexed="unknown" autoIncrement="false" type="INT" size="10" decimalDigits="0" name="oid" primaryKey="true" notNull="true"/>
    <Column sqlTypeId="12" indexed="unknown" autoIncrement="false" type="VARCHAR" size="255" decimalDigits="0" name="nome" primaryKey="false" notNull="false"/>
    <Column sqlTypeId="12" indexed="unknown" autoIncrement="false" type="VARCHAR" size="255" decimalDigits="0" name="livello" primaryKey="false" notNull="false"/>
    <Column sqlTypeId="12" indexed="unknown" autoIncrement="false" type="VARCHAR" size="255" decimalDigits="0" name="syllabus" primaryKey="false" notNull="false"/>
    <Column sqlTypeId="4" indexed="unknown" autoIncrement="false" type="INT" size="10" decimalDigits="0" name="materia_oid" primaryKey="false" notNull="false"/>
    <ForeignKey localColumnName="materia_oid" foreignColumnName="oid" name="fk_argomento_materia" foreignTableName="materia" foreignSchemaName=""/>
  </Table>
  <Table schema="" ignoreIndexes="false" name="argomento_corso" type="TABLE" refreshed="true">
    <Column sqlTypeId="4" indexed="unknown" autoIncrement="false" type="INT" size="10" decimalDigits="0" name="argomento_oid" primaryKey="true" notNull="true"/>
    <Column sqlTypeId="4" indexed="unknown" autoIncrement="false" type="INT" size="10" decimalDigits="0" name="corso_oid" primaryKey="true" notNull="true"/>
    <ForeignKey localColumnName="argomento_oid" foreignColumnName="oid" name="fk_argomento_corso_argomento" foreignTableName="argomento" foreignSchemaName=""/>
    <ForeignKey localColumnName="corso_oid" foreignColumnName="oid" name="fk_argomento_corso_corso" foreignTableName="corso" foreignSchemaName=""/>
  </Table>
  <Table schema="" ignoreIndexes="false" name="argomento_professore" type="TABLE" refreshed="true">
    <Column sqlTypeId="4" indexed="unknown" autoIncrement="false" type="INT" size="10" decimalDigits="0" name="argomento_oid" primaryKey="true" notNull="true"/>
    <Column sqlTypeId="4" indexed="unknown" autoIncrement="false" type="INT" size="10" decimalDigits="0" name="professore_oid" primaryKey="true" notNull="true"/>
    <ForeignKey localColumnName="argomento_oid" foreignColumnName="oid" name="fk_argomento_professore_argome" foreignTableName="argomento" foreignSchemaName=""/>
    <ForeignKey localColumnName="professore_oid" foreignColumnName="utente_oid" name="fk_argomento_professore_profes" foreignTableName="professore" foreignSchemaName=""/>
  </Table>
  <Table schema="" ignoreIndexes="false" name="certificazione" type="TABLE" refreshed="true">
    <Column sqlTypeId="4" indexed="unknown" autoIncrement="false" type="INT" size="10" decimalDigits="0" name="oid" primaryKey="true" notNull="true"/>
    <Column sqlTypeId="12" indexed="unknown" autoIncrement="false" type="VARCHAR" size="255" decimalDigits="0" name="nome" primaryKey="false" notNull="false"/>
    <Column sqlTypeId="12" indexed="unknown" autoIncrement="false" type="VARCHAR" size="255" decimalDigits="0" name="livello" primaryKey="false" notNull="false"/>
    <Column sqlTypeId="-4" indexed="unknown" autoIncrement="false" type="MEDIUMBLOB" size="16777215" decimalDigits="0" name="documento" primaryKey="false" notNull="false"/>
    <Column sqlTypeId="4" indexed="unknown" autoIncrement="false" type="INT" size="10" decimalDigits="0" name="tipologiacertificazione_oid" primaryKey="false" notNull="false"/>
    <Column sqlTypeId="4" indexed="unknown" autoIncrement="false" type="INT" size="10" decimalDigits="0" name="professore_oid" primaryKey="false" notNull="false"/>
    <ForeignKey localColumnName="professore_oid" foreignColumnName="utente_oid" name="fk_certificazione_professore" foreignTableName="professore" foreignSchemaName=""/>
    <ForeignKey localColumnName="tipologiacertificazione_oid" foreignColumnName="oid" name="fk_certificazione_tipologiacer" foreignTableName="tipologiacertificazione" foreignSchemaName=""/>
  </Table>
  <Table schema="" ignoreIndexes="false" name="commento" type="TABLE" refreshed="true">
    <Column sqlTypeId="4" indexed="unknown" autoIncrement="false" type="INT" size="10" decimalDigits="0" name="oid" primaryKey="true" notNull="true"/>
    <Column sqlTypeId="12" indexed="unknown" autoIncrement="false" type="VARCHAR" size="255" decimalDigits="0" name="destinatario" primaryKey="false" notNull="false"/>
    <Column sqlTypeId="-1" indexed="unknown" autoIncrement="false" type="LONGTEXT" size="2147483647" decimalDigits="0" name="commento" primaryKey="false" notNull="false"/>
    <Column sqlTypeId="4" indexed="unknown" autoIncrement="false" type="INT" size="10" decimalDigits="0" name="recensione_oid" primaryKey="false" notNull="false"/>
    <ForeignKey localColumnName="recensione_oid" foreignColumnName="oid" name="fk_commento_recensione" foreignTableName="recensione" foreignSchemaName=""/>
  </Table>
  <Table schema="" ignoreIndexes="false" name="corso" type="TABLE" refreshed="true">
    <Column sqlTypeId="4" indexed="unknown" autoIncrement="false" type="INT" size="10" decimalDigits="0" name="oid" primaryKey="true" notNull="true"/>
    <Column sqlTypeId="4" indexed="unknown" autoIncrement="false" type="INT" size="10" decimalDigits="0" name="num_ore" primaryKey="false" notNull="false"/>
    <Column sqlTypeId="91" indexed="unknown" autoIncrement="false" type="DATE" size="10" decimalDigits="0" name="data_inizio" primaryKey="false" notNull="false"/>
    <Column sqlTypeId="91" indexed="unknown" autoIncrement="false" type="DATE" size="10" decimalDigits="0" name="data_fine" primaryKey="false" notNull="false"/>
    <Column sqlTypeId="12" indexed="unknown" autoIncrement="false" type="VARCHAR" size="255" decimalDigits="0" name="nome" primaryKey="false" notNull="false"/>
  </Table>
  <Table schema="" ignoreIndexes="false" name="corso_professore" type="TABLE" refreshed="true">
    <Column sqlTypeId="4" indexed="unknown" autoIncrement="false" type="INT" size="10" decimalDigits="0" name="corso_oid" primaryKey="true" notNull="true"/>
    <Column sqlTypeId="4" indexed="unknown" autoIncrement="false" type="INT" size="10" decimalDigits="0" name="professore_oid" primaryKey="true" notNull="true"/>
    <ForeignKey localColumnName="corso_oid" foreignColumnName="oid" name="fk_corso_professore_corso" foreignTableName="corso" foreignSchemaName=""/>
    <ForeignKey localColumnName="professore_oid" foreignColumnName="utente_oid" name="fk_corso_professore_professore" foreignTableName="professore" foreignSchemaName=""/>
  </Table>
  <Table schema="" ignoreIndexes="false" name="fasciaoraria" type="TABLE" refreshed="true">
    <Column sqlTypeId="4" indexed="unknown" autoIncrement="false" type="INT" size="10" decimalDigits="0" name="oid" primaryKey="true" notNull="true"/>
    <Column sqlTypeId="92" indexed="unknown" autoIncrement="false" type="TIME" size="8" decimalDigits="0" name="orainizio" primaryKey="false" notNull="false"/>
    <Column sqlTypeId="92" indexed="unknown" autoIncrement="false" type="TIME" size="8" decimalDigits="0" name="orafine" primaryKey="false" notNull="false"/>
    <Column sqlTypeId="-7" indexed="unknown" autoIncrement="false" type="BIT" size="1" decimalDigits="0" name="disponibile" primaryKey="false" notNull="false"/>
    <Column sqlTypeId="4" indexed="unknown" autoIncrement="false" type="INT" size="10" decimalDigits="0" name="giornosettimana_oid" primaryKey="false" notNull="false"/>
    <Column sqlTypeId="-7" indexed="unknown" autoIncrement="false" type="BIT" size="1" decimalDigits="0" name="prenotata" primaryKey="false" notNull="false"/>
    <ForeignKey localColumnName="giornosettimana_oid" foreignColumnName="oid" name="fk_fasciaoraria_giornosettiman" foreignTableName="giornosettimana" foreignSchemaName=""/>
  </Table>
  <Table schema="" ignoreIndexes="false" name="gestore" type="TABLE" refreshed="true">
    <Column sqlTypeId="4" indexed="unknown" autoIncrement="false" type="INT" size="10" decimalDigits="0" name="utente_oid" primaryKey="true" notNull="true"/>
    <ForeignKey localColumnName="utente_oid" foreignColumnName="oid" name="fk_gestore_utente" foreignTableName="utente" foreignSchemaName=""/>
  </Table>
  <Table schema="" ignoreIndexes="false" name="giornosettimana" type="TABLE" refreshed="true">
    <Column sqlTypeId="4" indexed="unknown" autoIncrement="false" type="INT" size="10" decimalDigits="0" name="oid" primaryKey="true" notNull="true"/>
    <Column sqlTypeId="12" indexed="unknown" autoIncrement="false" type="VARCHAR" size="255" decimalDigits="0" name="nome" primaryKey="false" notNull="false"/>
    <Column sqlTypeId="4" indexed="unknown" autoIncrement="false" type="INT" size="10" decimalDigits="0" name="numero" primaryKey="false" notNull="false"/>
    <Column sqlTypeId="-7" indexed="unknown" autoIncrement="false" type="BIT" size="1" decimalDigits="0" name="disponibile" primaryKey="false" notNull="false"/>
    <Column sqlTypeId="4" indexed="unknown" autoIncrement="false" type="INT" size="10" decimalDigits="0" name="agenda_oid" primaryKey="false" notNull="false"/>
    <ForeignKey localColumnName="agenda_oid" foreignColumnName="oid" name="fk_giornosettimana_agenda" foreignTableName="agenda" foreignSchemaName=""/>
  </Table>
  <Table schema="" ignoreIndexes="false" name="group" type="TABLE" refreshed="true">
    <Column sqlTypeId="4" indexed="unknown" autoIncrement="false" type="INT" size="10" decimalDigits="0" name="oid" primaryKey="true" notNull="true"/>
    <Column sqlTypeId="12" indexed="unknown" autoIncrement="false" type="VARCHAR" size="255" decimalDigits="0" name="groupname" primaryKey="false" notNull="false"/>
    <Column sqlTypeId="4" indexed="unknown" autoIncrement="false" type="INT" size="10" decimalDigits="0" name="module_oid" primaryKey="false" notNull="false"/>
    <ForeignKey localColumnName="module_oid" foreignColumnName="oid" name="fk_group_module" foreignTableName="module" foreignSchemaName=""/>
  </Table>
  <Table schema="" ignoreIndexes="false" name="group_module" type="TABLE" refreshed="true">
    <Column sqlTypeId="4" indexed="unknown" autoIncrement="false" type="INT" size="10" decimalDigits="0" name="group_oid" primaryKey="true" notNull="true"/>
    <Column sqlTypeId="4" indexed="unknown" autoIncrement="false" type="INT" size="10" decimalDigits="0" name="module_oid" primaryKey="true" notNull="true"/>
    <ForeignKey localColumnName="group_oid" foreignColumnName="oid" name="fk_group_module_group" foreignTableName="group" foreignSchemaName=""/>
    <ForeignKey localColumnName="module_oid" foreignColumnName="oid" name="fk_group_module_module" foreignTableName="module" foreignSchemaName=""/>
  </Table>
  <Table schema="" ignoreIndexes="false" name="luogo" type="TABLE" refreshed="true">
    <Column sqlTypeId="4" indexed="unknown" autoIncrement="false" type="INT" size="10" decimalDigits="0" name="oid" primaryKey="true" notNull="true"/>
    <Column sqlTypeId="12" indexed="unknown" autoIncrement="false" type="VARCHAR" size="255" decimalDigits="0" name="citta" primaryKey="false" notNull="false"/>
    <Column sqlTypeId="12" indexed="unknown" autoIncrement="false" type="VARCHAR" size="255" decimalDigits="0" name="provincia" primaryKey="false" notNull="false"/>
    <Column sqlTypeId="12" indexed="unknown" autoIncrement="false" type="VARCHAR" size="255" decimalDigits="0" name="nazione" primaryKey="false" notNull="false"/>
    <Column sqlTypeId="12" indexed="unknown" autoIncrement="false" type="VARCHAR" size="255" decimalDigits="0" name="cap" primaryKey="false" notNull="false"/>
  </Table>
  <Table schema="" ignoreIndexes="false" name="materia" type="TABLE" refreshed="true">
    <Column sqlTypeId="4" indexed="unknown" autoIncrement="false" type="INT" size="10" decimalDigits="0" name="oid" primaryKey="true" notNull="true"/>
    <Column sqlTypeId="12" indexed="unknown" autoIncrement="false" type="VARCHAR" size="255" decimalDigits="0" name="nome" primaryKey="false" notNull="false"/>
  </Table>
  <Table schema="" ignoreIndexes="false" name="module" type="TABLE" refreshed="true">
    <Column sqlTypeId="4" indexed="unknown" autoIncrement="false" type="INT" size="10" decimalDigits="0" name="oid" primaryKey="true" notNull="true"/>
    <Column sqlTypeId="12" indexed="unknown" autoIncrement="false" type="VARCHAR" size="255" decimalDigits="0" name="moduleid" primaryKey="false" notNull="false"/>
    <Column sqlTypeId="12" indexed="unknown" autoIncrement="false" type="VARCHAR" size="255" decimalDigits="0" name="modulename" primaryKey="false" notNull="false"/>
  </Table>
  <Table schema="" ignoreIndexes="false" name="prenotazione" type="TABLE" refreshed="true">
    <Column sqlTypeId="4" indexed="unknown" autoIncrement="false" type="INT" size="10" decimalDigits="0" name="oid" primaryKey="true" notNull="true"/>
    <Column sqlTypeId="4" indexed="unknown" autoIncrement="false" type="INT" size="10" decimalDigits="0" name="corso_oid" primaryKey="false" notNull="false"/>
    <Column sqlTypeId="4" indexed="unknown" autoIncrement="false" type="INT" size="10" decimalDigits="0" name="studente_oid" primaryKey="false" notNull="false"/>
    <Column sqlTypeId="4" indexed="unknown" autoIncrement="false" type="INT" size="10" decimalDigits="0" name="professore_oid" primaryKey="false" notNull="false"/>
    <Column sqlTypeId="4" indexed="unknown" autoIncrement="false" type="INT" size="10" decimalDigits="0" name="argomento_oid" primaryKey="false" notNull="false"/>
    <ForeignKey localColumnName="argomento_oid" foreignColumnName="oid" name="fk_prenotazione_argomento" foreignTableName="argomento" foreignSchemaName=""/>
    <ForeignKey localColumnName="corso_oid" foreignColumnName="oid" name="fk_prenotazione_corso" foreignTableName="corso" foreignSchemaName=""/>
    <ForeignKey localColumnName="professore_oid" foreignColumnName="utente_oid" name="fk_prenotazione_professore" foreignTableName="professore" foreignSchemaName=""/>
    <ForeignKey localColumnName="studente_oid" foreignColumnName="utente_oid" name="fk_prenotazione_studente" foreignTableName="studente" foreignSchemaName=""/>
  </Table>
  <Table schema="" ignoreIndexes="false" name="prenotazioneargomento" type="TABLE" refreshed="true">
    <Column sqlTypeId="4" indexed="unknown" autoIncrement="false" type="INT" size="10" decimalDigits="0" name="prenotazione_oid" primaryKey="true" notNull="true"/>
    <Column sqlTypeId="12" indexed="unknown" autoIncrement="false" type="VARCHAR" size="255" decimalDigits="0" name="giorno" primaryKey="false" notNull="false"/>
    <Column sqlTypeId="92" indexed="unknown" autoIncrement="false" type="TIME" size="8" decimalDigits="0" name="ora" primaryKey="false" notNull="false"/>
    <ForeignKey localColumnName="prenotazione_oid" foreignColumnName="oid" name="fk_prenotazioneargomento_preno" foreignTableName="prenotazione" foreignSchemaName=""/>
  </Table>
  <Table schema="" ignoreIndexes="false" name="prenotazionecorso" type="TABLE" refreshed="true">
    <Column sqlTypeId="4" indexed="unknown" autoIncrement="false" type="INT" size="10" decimalDigits="0" name="prenotazione_oid" primaryKey="true" notNull="true"/>
    <Column sqlTypeId="91" indexed="unknown" autoIncrement="false" type="DATE" size="10" decimalDigits="0" name="datainizio" primaryKey="false" notNull="false"/>
    <Column sqlTypeId="91" indexed="unknown" autoIncrement="false" type="DATE" size="10" decimalDigits="0" name="datafine" primaryKey="false" notNull="false"/>
    <ForeignKey localColumnName="prenotazione_oid" foreignColumnName="oid" name="fk_prenotazionecorso_prenotazi" foreignTableName="prenotazione" foreignSchemaName=""/>
  </Table>
  <Table schema="" ignoreIndexes="false" name="professore" type="TABLE" refreshed="true">
    <Column sqlTypeId="4" indexed="unknown" autoIncrement="false" type="INT" size="10" decimalDigits="0" name="utente_oid" primaryKey="true" notNull="true"/>
    <Column sqlTypeId="-1" indexed="unknown" autoIncrement="false" type="LONGTEXT" size="2147483647" decimalDigits="0" name="descrizione" primaryKey="false" notNull="false"/>
    <Column sqlTypeId="4" indexed="unknown" autoIncrement="false" type="INT" size="10" decimalDigits="0" name="tariffaoraria" primaryKey="false" notNull="false"/>
    <Column sqlTypeId="-7" indexed="unknown" autoIncrement="false" type="BIT" size="1" decimalDigits="0" name="premium" primaryKey="false" notNull="false"/>
    <Column sqlTypeId="-7" indexed="unknown" autoIncrement="false" type="BIT" size="1" decimalDigits="0" name="attivo" primaryKey="false" notNull="false"/>
    <Column sqlTypeId="4" indexed="unknown" autoIncrement="false" type="INT" size="10" decimalDigits="0" name="agenda_oid" primaryKey="false" notNull="false"/>
    <Column sqlTypeId="4" indexed="unknown" autoIncrement="false" type="INT" size="10" decimalDigits="0" name="luogo_oid" primaryKey="false" notNull="false"/>
    <ForeignKey localColumnName="agenda_oid" foreignColumnName="oid" name="fk_professore_agenda" foreignTableName="agenda" foreignSchemaName=""/>
    <ForeignKey localColumnName="luogo_oid" foreignColumnName="oid" name="fk_professore_luogo" foreignTableName="luogo" foreignSchemaName=""/>
    <ForeignKey localColumnName="utente_oid" foreignColumnName="oid" name="fk_professore_utente" foreignTableName="utente" foreignSchemaName=""/>
  </Table>
  <Table schema="" ignoreIndexes="false" name="recensione" type="TABLE" refreshed="true">
    <Column sqlTypeId="4" indexed="unknown" autoIncrement="false" type="INT" size="10" decimalDigits="0" name="oid" primaryKey="true" notNull="true"/>
    <Column sqlTypeId="12" indexed="unknown" autoIncrement="false" type="VARCHAR" size="255" decimalDigits="0" name="titolo" primaryKey="false" notNull="false"/>
    <Column sqlTypeId="12" indexed="unknown" autoIncrement="false" type="VARCHAR" size="255" decimalDigits="0" name="mittente" primaryKey="false" notNull="false"/>
    <Column sqlTypeId="8" indexed="unknown" autoIncrement="false" type="DOUBLE" size="22" decimalDigits="0" name="voto" primaryKey="false" notNull="false"/>
    <Column sqlTypeId="-1" indexed="unknown" autoIncrement="false" type="LONGTEXT" size="2147483647" decimalDigits="0" name="dettagli" primaryKey="false" notNull="false"/>
    <Column sqlTypeId="4" indexed="unknown" autoIncrement="false" type="INT" size="10" decimalDigits="0" name="professore_oid" primaryKey="false" notNull="false"/>
    <Column sqlTypeId="4" indexed="unknown" autoIncrement="false" type="INT" size="10" decimalDigits="0" name="studente_oid" primaryKey="false" notNull="false"/>
    <ForeignKey localColumnName="professore_oid" foreignColumnName="utente_oid" name="fk_recensione_professore" foreignTableName="professore" foreignSchemaName=""/>
    <ForeignKey localColumnName="studente_oid" foreignColumnName="utente_oid" name="fk_recensione_studente" foreignTableName="studente" foreignSchemaName=""/>
  </Table>
  <Table schema="" ignoreIndexes="false" name="reclutatore" type="TABLE" refreshed="true">
    <Column sqlTypeId="4" indexed="unknown" autoIncrement="false" type="INT" size="10" decimalDigits="0" name="utente_oid" primaryKey="true" notNull="true"/>
    <ForeignKey localColumnName="utente_oid" foreignColumnName="oid" name="fk_reclutatore_utente" foreignTableName="utente" foreignSchemaName=""/>
  </Table>
  <Table schema="" ignoreIndexes="false" name="studente" type="TABLE" refreshed="true">
    <Column sqlTypeId="4" indexed="unknown" autoIncrement="false" type="INT" size="10" decimalDigits="0" name="utente_oid" primaryKey="true" notNull="true"/>
    <Column sqlTypeId="-1" indexed="unknown" autoIncrement="false" type="LONGTEXT" size="2147483647" decimalDigits="0" name="descrizione" primaryKey="false" notNull="false"/>
    <Column sqlTypeId="12" indexed="unknown" autoIncrement="false" type="VARCHAR" size="255" decimalDigits="0" name="classe" primaryKey="false" notNull="false"/>
    <ForeignKey localColumnName="utente_oid" foreignColumnName="oid" name="fk_studente_utente" foreignTableName="utente" foreignSchemaName=""/>
  </Table>
  <Table schema="" ignoreIndexes="false" name="tipologiacertificazione" type="TABLE" refreshed="true">
    <Column sqlTypeId="4" indexed="unknown" autoIncrement="false" type="INT" size="10" decimalDigits="0" name="oid" primaryKey="true" notNull="true"/>
    <Column sqlTypeId="12" indexed="unknown" autoIncrement="false" type="VARCHAR" size="255" decimalDigits="0" name="nome" primaryKey="false" notNull="false"/>
    <Column sqlTypeId="12" indexed="unknown" autoIncrement="false" type="VARCHAR" size="255" decimalDigits="0" name="livello" primaryKey="false" notNull="false"/>
  </Table>
  <Table schema="" ignoreIndexes="false" name="user_group" type="TABLE" refreshed="true">
    <Column sqlTypeId="4" indexed="unknown" autoIncrement="false" type="INT" size="10" decimalDigits="0" name="utente_oid" primaryKey="true" notNull="true"/>
    <Column sqlTypeId="4" indexed="unknown" autoIncrement="false" type="INT" size="10" decimalDigits="0" name="group_oid" primaryKey="true" notNull="true"/>
    <ForeignKey localColumnName="group_oid" foreignColumnName="oid" name="fk_user_group_group" foreignTableName="group" foreignSchemaName=""/>
    <ForeignKey localColumnName="utente_oid" foreignColumnName="oid" name="fk_user_group_utente" foreignTableName="utente" foreignSchemaName=""/>
  </Table>
  <Table schema="" ignoreIndexes="false" name="utente" type="TABLE" refreshed="true">
    <Column sqlTypeId="4" indexed="unknown" autoIncrement="false" type="INT" size="10" decimalDigits="0" name="oid" primaryKey="true" notNull="true"/>
    <Column sqlTypeId="12" indexed="unknown" autoIncrement="false" type="VARCHAR" size="255" decimalDigits="0" name="username" primaryKey="false" notNull="false"/>
    <Column sqlTypeId="12" indexed="unknown" autoIncrement="false" type="VARCHAR" size="255" decimalDigits="0" name="password" primaryKey="false" notNull="false"/>
    <Column sqlTypeId="12" indexed="unknown" autoIncrement="false" type="VARCHAR" size="255" decimalDigits="0" name="email" primaryKey="false" notNull="false"/>
    <Column sqlTypeId="12" indexed="unknown" autoIncrement="false" type="VARCHAR" size="255" decimalDigits="0" name="nome" primaryKey="false" notNull="false"/>
    <Column sqlTypeId="12" indexed="unknown" autoIncrement="false" type="VARCHAR" size="255" decimalDigits="0" name="cognome" primaryKey="false" notNull="false"/>
    <Column sqlTypeId="12" indexed="unknown" autoIncrement="false" type="VARCHAR" size="255" decimalDigits="0" name="altricontatti" primaryKey="false" notNull="false"/>
    <Column sqlTypeId="4" indexed="unknown" autoIncrement="false" type="INT" size="10" decimalDigits="0" name="group_oid" primaryKey="false" notNull="false"/>
    <ForeignKey localColumnName="group_oid" foreignColumnName="oid" name="fk_utente_group" foreignTableName="group" foreignSchemaName=""/>
  </Table>
  <Table schema="" ignoreIndexes="false" name="corso_prenotazioni_view" type="VIEW" refreshed="true">
    <Column sqlTypeId="4" indexed="unknown" autoIncrement="false" type="INT" size="10" decimalDigits="0" name="oid" primaryKey="false" notNull="true"/>
    <Column sqlTypeId="2" indexed="unknown" autoIncrement="false" type="NUMERIC" size="19" decimalDigits="0" webMLType="decimal" name="der_attr" primaryKey="false" notNull="true"/>
    <SQLDefinition>select `al1`.`oid` AS `oid`,count(distinct `al2`.`oid`) AS `der_attr` from (`corso` `al1` left join `prenotazione` `al2` on(`al1`.`oid` = `al2`.`corso_oid`)) group by `al1`.`oid`</SQLDefinition>
  </Table>
  <Table schema="" ignoreIndexes="false" name="professore_votomedio_view" type="VIEW" refreshed="true">
    <Column sqlTypeId="4" indexed="unknown" autoIncrement="false" type="INT" size="10" decimalDigits="0" name="utente_oid" primaryKey="false" notNull="true"/>
    <Column sqlTypeId="8" indexed="unknown" autoIncrement="false" type="DOUBLE" size="22" decimalDigits="0" name="der_attr" primaryKey="false" notNull="false"/>
    <SQLDefinition>select `al1`.`utente_oid` AS `utente_oid`,avg(`al2`.`voto`) AS `der_attr` from (`professore` `al1` left join `recensione` `al2` on(`al1`.`utente_oid` = `al2`.`professore_oid`)) group by `al1`.`utente_oid`</SQLDefinition>
  </Table>
</DBMetaData>
