<?xml version="1.0" encoding="UTF-8"?>

<Warnings> 
  <Warning xpath="id('sv6#area22#page68#seu177#ln218#par749')" rootXPath="id('sv6')" key="UNUSED_PASSING_PARAMETER" label="oid_PASSING"> 
    <Message>The passing parameter 'oid_PASSING' is declared but never used</Message>  
    <Resolution class="com.webratio.ide.ui.resources.RemoveElementResolutionGenerator">Remove the invalid link parameter 'sv6#area22#page68#seu177#ln218#par749'</Resolution> 
  </Warning>  
  <Warning xpath="id('sv6#area22#page77#dau19#ln149#par658')" rootXPath="id('sv6')" key="UNUSED_PASSING_PARAMETER" label="oid_PASSING"> 
    <Message>The passing parameter 'oid_PASSING' is declared but never used</Message>  
    <Resolution class="com.webratio.ide.ui.resources.RemoveElementResolutionGenerator">Remove the invalid link parameter 'sv6#area22#page77#dau19#ln149#par658'</Resolution> 
  </Warning>  
  <Warning xpath="id('sv6#opg12#seu31#oln23#par700')" rootXPath="id('sv6')" key="UNUSED_PASSING_PARAMETER" label="oid_PASSING"> 
    <Message>The passing parameter 'oid_PASSING' is declared but never used</Message>  
    <Resolution class="com.webratio.ide.ui.resources.RemoveElementResolutionGenerator">Remove the invalid link parameter 'sv6#opg12#seu31#oln23#par700'</Resolution> 
  </Warning>  
  <Warning xpath="id('sv6#opg12#seu69#oln150#par641')" rootXPath="id('sv6')" key="UNUSED_PASSING_PARAMETER" label="Source oid [Professore]_PASSING"> 
    <Message>The passing parameter 'Source oid [Professore]_PASSING' is declared but never used</Message>  
    <Resolution class="com.webratio.ide.ui.resources.RemoveElementResolutionGenerator">Remove the invalid link parameter 'sv6#opg12#seu69#oln150#par641'</Resolution> 
  </Warning>  
  <Warning xpath="id('sv6#opg4#dlu1#oln314')" rootXPath="id('sv6')" key="AUTOMATIC_COUPLING_WITHOUT_EFFECT" label="OKFlow18"> 
    <Message>Neither explicit nor implicit parameters' bindings could be found for the flow 'OKFlow18'</Message>  
    <Resolution class="com.webratio.ide.ui.resources.ChangeAttributeResolutionGenerator" attribute="automaticCoupling" value="">Remove the 'Automatic Coupling' property</Resolution> 
  </Warning>  
  <Warning xpath="id('sv6#opg4#dlu4#oln152')" rootXPath="id('sv6')" key="AUTOMATIC_COUPLING_WITHOUT_EFFECT" label="OKFlow152"> 
    <Message>Neither explicit nor implicit parameters' bindings could be found for the flow 'OKFlow152'</Message>  
    <Resolution class="com.webratio.ide.ui.resources.ChangeAttributeResolutionGenerator" attribute="automaticCoupling" value="">Remove the 'Automatic Coupling' property</Resolution> 
  </Warning>  
  <Warning xpath="id('sv6#area22#switch13#oln254')" rootXPath="id('sv6')" key="AUTOMATIC_COUPLING_WITHOUT_EFFECT" label="OKFlow92"> 
    <Message>Neither explicit nor implicit parameters' bindings could be found for the flow 'OKFlow92'</Message>  
    <Resolution class="com.webratio.ide.ui.resources.ChangeAttributeResolutionGenerator" attribute="automaticCoupling" value="">Remove the 'Automatic Coupling' property</Resolution> 
  </Warning>  
  <Warning xpath="id('sv6#area22#switch13#oln145')" rootXPath="id('sv6')" key="AUTOMATIC_COUPLING_WITHOUT_EFFECT" label="OKFlow145"> 
    <Message>Neither explicit nor implicit parameters' bindings could be found for the flow 'OKFlow145'</Message>  
    <Resolution class="com.webratio.ide.ui.resources.ChangeAttributeResolutionGenerator" attribute="automaticCoupling" value="">Remove the 'Automatic Coupling' property</Resolution> 
  </Warning>  
  <Warning xpath="id('sv6#area22#switch16#oln306')" rootXPath="id('sv6')" key="AUTOMATIC_COUPLING_WITHOUT_EFFECT" label="OKFlow46"> 
    <Message>Neither explicit nor implicit parameters' bindings could be found for the flow 'OKFlow46'</Message>  
    <Resolution class="com.webratio.ide.ui.resources.ChangeAttributeResolutionGenerator" attribute="automaticCoupling" value="">Remove the 'Automatic Coupling' property</Resolution> 
  </Warning>  
  <Warning xpath="id('sv6#area22#switch16#oln307')" rootXPath="id('sv6')" key="AUTOMATIC_COUPLING_WITHOUT_EFFECT" label="OKFlow92"> 
    <Message>Neither explicit nor implicit parameters' bindings could be found for the flow 'OKFlow92'</Message>  
    <Resolution class="com.webratio.ide.ui.resources.ChangeAttributeResolutionGenerator" attribute="automaticCoupling" value="">Remove the 'Automatic Coupling' property</Resolution> 
  </Warning>  
  <Warning xpath="id('sv6#opg10#dlu5#oln154')" rootXPath="id('sv6')" key="AUTOMATIC_COUPLING_WITHOUT_EFFECT" label="OKFlow18"> 
    <Message>Neither explicit nor implicit parameters' bindings could be found for the flow 'OKFlow18'</Message>  
    <Resolution class="com.webratio.ide.ui.resources.ChangeAttributeResolutionGenerator" attribute="automaticCoupling" value="">Remove the 'Automatic Coupling' property</Resolution> 
  </Warning>  
  <Warning xpath="id('sv6#opg10#dlu9#oln156')" rootXPath="id('sv6')" key="AUTOMATIC_COUPLING_WITHOUT_EFFECT" label="OKFlow152"> 
    <Message>Neither explicit nor implicit parameters' bindings could be found for the flow 'OKFlow152'</Message>  
    <Resolution class="com.webratio.ide.ui.resources.ChangeAttributeResolutionGenerator" attribute="automaticCoupling" value="">Remove the 'Automatic Coupling' property</Resolution> 
  </Warning>  
  <Warning xpath="id('sv6#opg13#cnu7#oln168')" rootXPath="id('sv6')" key="AUTOMATIC_COUPLING_WITHOUT_EFFECT" label="OKFlow168"> 
    <Message>Neither explicit nor implicit parameters' bindings could be found for the flow 'OKFlow168'</Message>  
    <Resolution class="com.webratio.ide.ui.resources.ChangeAttributeResolutionGenerator" attribute="automaticCoupling" value="">Remove the 'Automatic Coupling' property</Resolution> 
  </Warning>  
  <Warning xpath="id('sv6#opg13#cru8#oln162#par714')" rootXPath="id('sv6')" key="UNUSED_PASSING_PARAMETER" label="oid_PASSING"> 
    <Message>The passing parameter 'oid_PASSING' is declared but never used</Message>  
    <Resolution class="com.webratio.ide.ui.resources.RemoveElementResolutionGenerator">Remove the invalid link parameter 'sv6#opg13#cru8#oln162#par714'</Resolution> 
  </Warning>  
  <Warning xpath="id('sv6#opg13#seu77#oln167#par750')" rootXPath="id('sv6')" key="UNUSED_PASSING_PARAMETER" label="oraFine_PASSING"> 
    <Message>The passing parameter 'oraFine_PASSING' is declared but never used</Message>  
    <Resolution class="com.webratio.ide.ui.resources.RemoveElementResolutionGenerator">Remove the invalid link parameter 'sv6#opg13#seu77#oln167#par750'</Resolution> 
  </Warning>  
  <Warning xpath="id('sv6#opg14#cnu9#oln170')" rootXPath="id('sv6')" key="AUTOMATIC_COUPLING_WITHOUT_EFFECT" label="OKFlow170"> 
    <Message>Neither explicit nor implicit parameters' bindings could be found for the flow 'OKFlow170'</Message>  
    <Resolution class="com.webratio.ide.ui.resources.ChangeAttributeResolutionGenerator" attribute="automaticCoupling" value="">Remove the 'Automatic Coupling' property</Resolution> 
  </Warning>  
  <Warning xpath="id('sv6#opg13#cru8#kln106')" rootXPath="id('sv6')" key="AUTOMATIC_COUPLING_WITHOUT_EFFECT" label="KOFlow106"> 
    <Message>Neither explicit nor implicit parameters' bindings could be found for the flow 'KOFlow106'</Message>  
    <Resolution class="com.webratio.ide.ui.resources.ChangeAttributeResolutionGenerator" attribute="automaticCoupling" value="">Remove the 'Automatic Coupling' property</Resolution> 
  </Warning>  
  <Warning xpath="id('sv6#opg12#seu69')" rootXPath="id('sv6')" error="false" label="SelezionaAgenda" key="NO_OUTGOING_KO_LINKS"> 
    <Message>No outgoing KO flow(s) for the operation 'SelezionaAgenda'</Message> 
  </Warning>  
  <Warning xpath="id('sv6#opg12#dlu11')" rootXPath="id('sv6')" error="false" label="EliminaAgenda" key="NO_OUTGOING_KO_LINKS"> 
    <Message>No outgoing KO flow(s) for the operation 'EliminaAgenda'</Message> 
  </Warning>  
  <Warning xpath="id('sv6#opg4#dlu4')" rootXPath="id('sv6')" error="false" label="EliminaPrenotazioneCorso" key="NO_OUTGOING_KO_LINKS"> 
    <Message>No outgoing KO flow(s) for the operation 'EliminaPrenotazioneCorso'</Message> 
  </Warning>  
  <Warning xpath="id('sv6#area22#seu141')" rootXPath="id('sv6')" error="false" label="SelezionaProfessoriArgomento" key="NO_OUTGOING_KO_LINKS"> 
    <Message>No outgoing KO flow(s) for the operation 'SelezionaProfessoriArgomento'</Message> 
  </Warning>  
  <Warning xpath="id('sv6#area22#seu142')" rootXPath="id('sv6')" error="false" label="SelezionaProfessoriCorso" key="NO_OUTGOING_KO_LINKS"> 
    <Message>No outgoing KO flow(s) for the operation 'SelezionaProfessoriCorso'</Message> 
  </Warning>  
  <Warning xpath="id('sv6#area22#seu143')" rootXPath="id('sv6')" error="false" label="SelezionaProfessoriMateria" key="NO_OUTGOING_KO_LINKS"> 
    <Message>No outgoing KO flow(s) for the operation 'SelezionaProfessoriMateria'</Message> 
  </Warning>  
  <Warning xpath="id('sv6#area22#seu147')" rootXPath="id('sv6')" error="false" label="SelezionaProfessoriLuogo" key="NO_OUTGOING_KO_LINKS"> 
    <Message>No outgoing KO flow(s) for the operation 'SelezionaProfessoriLuogo'</Message> 
  </Warning>  
  <Warning xpath="id('sv6#area22#seu67')" rootXPath="id('sv6')" error="false" label="SelezionaProfessori" key="NO_OUTGOING_KO_LINKS"> 
    <Message>No outgoing KO flow(s) for the operation 'SelezionaProfessori'</Message> 
  </Warning>  
  <Warning xpath="id('sv6#opg10#dlu9')" rootXPath="id('sv6')" error="false" label="EliminaPrenotazioneCorso" key="NO_OUTGOING_KO_LINKS"> 
    <Message>No outgoing KO flow(s) for the operation 'EliminaPrenotazioneCorso'</Message> 
  </Warning>  
  <Warning error="false" xpath="id('sv6#area22#page103#inu45')" rootXPath="id('sv6')" key="UNSPECIFIED_SORTING_ATTRIBUTE" label="Lista Prenotazioni Corsi"> 
    <Message>Sorting attribute are unspecified for the component 'Lista Prenotazioni Corsi'</Message> 
  </Warning>  
  <Warning error="false" xpath="id('sv6#area22#page103#inu46')" rootXPath="id('sv6')" key="UNSPECIFIED_SORTING_ATTRIBUTE" label="Lista Prenotazioni Argomenti"> 
    <Message>Sorting attribute are unspecified for the component 'Lista Prenotazioni Argomenti'</Message> 
  </Warning>  
  <Warning error="false" xpath="id('sv6#area22#page76#inu16')" rootXPath="id('sv6')" key="UNSPECIFIED_SORTING_ATTRIBUTE" label="Lista Studenti"> 
    <Message>Sorting attribute are unspecified for the component 'Lista Studenti'</Message> 
  </Warning>  
  <Warning error="false" xpath="id('sv6#area22#page65#inu14')" rootXPath="id('sv6')" key="UNSPECIFIED_SORTING_ATTRIBUTE" label="Lista Professori"> 
    <Message>Sorting attribute are unspecified for the component 'Lista Professori'</Message> 
  </Warning>  
  <Warning error="false" xpath="id('sv6#area22#page68#inu43')" rootXPath="id('sv6')" key="UNSPECIFIED_SORTING_ATTRIBUTE" label="Lista Prenotazioni Corsi"> 
    <Message>Sorting attribute are unspecified for the component 'Lista Prenotazioni Corsi'</Message> 
  </Warning>  
  <Warning error="false" xpath="id('sv6#area22#page68#inu44')" rootXPath="id('sv6')" key="UNSPECIFIED_SORTING_ATTRIBUTE" label="Lista Prenotazioni Argomenti"> 
    <Message>Sorting attribute are unspecified for the component 'Lista Prenotazioni Argomenti'</Message> 
  </Warning>  
  <Warning error="false" xpath="id('sv6#area23#page71#scu7')" rootXPath="id('sv6')" key="UNSPECIFIED_SORTING_ATTRIBUTE" label="Scorri Reclutatori"> 
    <Message>Sorting attribute are unspecified for the component 'Scorri Reclutatori'</Message> 
  </Warning>  
  <Warning error="false" xpath="id('sv6#area23#page71#inu18')" rootXPath="id('sv6')" key="UNSPECIFIED_SORTING_ATTRIBUTE" label="Lista Reclutatori"> 
    <Message>Sorting attribute are unspecified for the component 'Lista Reclutatori'</Message> 
  </Warning>  
  <Warning xpath="id('sv6#area23#page72#enu56#fld73')" rootXPath="id('sv6')" label="Password"> 
    <Message>Security Warning: the password field 'Password' does not have any validation to ensure password strength</Message>  
    <Resolution class="com.webratio.ide.ui.resources.AddMissingValidationRuleResolutionGenerator" validationRuleName="PasswordStrengthValidationRule">Add missing Password Strength validation rule</Resolution> 
  </Warning>  
  <Warning xpath="id('sv6#area22#page76')" rootXPath="id('sv6')" label="Lista Studenti"> 
    <Message>Security Warning: the public page 'Lista Studenti' shows information about the user</Message>  
    <Resolution class="com.webratio.ide.ui.resources.ChangeAttributeResolutionGenerator" attribute="protected" value="true">Protect the page</Resolution> 
  </Warning>  
  <Warning xpath="id('sv6#area23#page73')" rootXPath="id('sv6')" label="Elimina Reclutatore"> 
    <Message>Security Warning: the public page 'Elimina Reclutatore' shows information about the user</Message>  
    <Resolution class="com.webratio.ide.ui.resources.ChangeAttributeResolutionGenerator" attribute="protected" value="true">Protect the page</Resolution> 
  </Warning>  
  <Warning xpath="id('sv6#area22#page65')" rootXPath="id('sv6')" label="Lista Professori"> 
    <Message>Security Warning: the public page 'Lista Professori' shows information about the user</Message>  
    <Resolution class="com.webratio.ide.ui.resources.ChangeAttributeResolutionGenerator" attribute="protected" value="true">Protect the page</Resolution> 
  </Warning>  
  <Warning xpath="id('sv6#area24#page60')" rootXPath="id('sv6')" label="Il mio profilo"> 
    <Message>Security Warning: the public page 'Il mio profilo' shows information about the user</Message>  
    <Resolution class="com.webratio.ide.ui.resources.ChangeAttributeResolutionGenerator" attribute="protected" value="true">Protect the page</Resolution> 
  </Warning>  
  <Warning xpath="id('sv6#area22#page78')" rootXPath="id('sv6')" label="Gestione stato"> 
    <Message>Security Warning: the public page 'Gestione stato' shows information about the user</Message>  
    <Resolution class="com.webratio.ide.ui.resources.ChangeAttributeResolutionGenerator" attribute="protected" value="true">Protect the page</Resolution> 
  </Warning>  
  <Warning xpath="id('sv6#area22#page87')" rootXPath="id('sv6')" label="Aggiungi Prenotazione Argomento"> 
    <Message>Security Warning: the public page 'Aggiungi Prenotazione Argomento' shows information about the user</Message>  
    <Resolution class="com.webratio.ide.ui.resources.ChangeAttributeResolutionGenerator" attribute="protected" value="true">Protect the page</Resolution> 
  </Warning>  
  <Warning xpath="id('sv6#area23#page71')" rootXPath="id('sv6')" label="Gestione Reclutatori"> 
    <Message>Security Warning: the public page 'Gestione Reclutatori' shows information about the user</Message>  
    <Resolution class="com.webratio.ide.ui.resources.ChangeAttributeResolutionGenerator" attribute="protected" value="true">Protect the page</Resolution> 
  </Warning>  
  <Warning xpath="id('sv6#area22#page90')" rootXPath="id('sv6')" label="Aggiungi Prenotazione Corso"> 
    <Message>Security Warning: the public page 'Aggiungi Prenotazione Corso' shows information about the user</Message>  
    <Resolution class="com.webratio.ide.ui.resources.ChangeAttributeResolutionGenerator" attribute="protected" value="true">Protect the page</Resolution> 
  </Warning>  
  <Warning xpath="id('sv6#area22#page67')" rootXPath="id('sv6')" label="Elimina Professore"> 
    <Message>Security Warning: the public page 'Elimina Professore' shows information about the user</Message>  
    <Resolution class="com.webratio.ide.ui.resources.ChangeAttributeResolutionGenerator" attribute="protected" value="true">Protect the page</Resolution> 
  </Warning>  
  <Warning xpath="id('sv6#area25#page62')" rootXPath="id('sv6')" label="Home"> 
    <Message>Security Warning: the public page 'Home' shows information about the user</Message>  
    <Resolution class="com.webratio.ide.ui.resources.ChangeAttributeResolutionGenerator" attribute="protected" value="true">Protect the page</Resolution> 
  </Warning>  
  <Warning xpath="id('sv6#area24#page61')" rootXPath="id('sv6')" label="Gestione Profilo"> 
    <Message>Security Warning: the public page 'Gestione Profilo' shows information about the user</Message>  
    <Resolution class="com.webratio.ide.ui.resources.ChangeAttributeResolutionGenerator" attribute="protected" value="true">Protect the page</Resolution> 
  </Warning>  
  <Warning xpath="id('sv6#area22#page81')" rootXPath="id('sv6')" label="Elimina Studente"> 
    <Message>Security Warning: the public page 'Elimina Studente' shows information about the user</Message>  
    <Resolution class="com.webratio.ide.ui.resources.ChangeAttributeResolutionGenerator" attribute="protected" value="true">Protect the page</Resolution> 
  </Warning>  
  <Warning error="false" xpath="id('sv6#area22#page100')" rootXPath="id('sv6')" key="" label="Ricerca Studente"> 
    <Message>Security Warning: the page 'Ricerca Studente' is public but no captcha field is configured on its form component</Message> 
  </Warning>  
  <Warning error="false" xpath="id('sv6#area22#page95')" rootXPath="id('sv6')" key="" label="Ricerca Professore"> 
    <Message>Security Warning: the page 'Ricerca Professore' is public but no captcha field is configured on its form component</Message> 
  </Warning>  
  <Warning error="false" xpath="id('sv6#area22#page78')" rootXPath="id('sv6')" key="" label="Gestione stato"> 
    <Message>Security Warning: the page 'Gestione stato' is public but no captcha field is configured on its form component</Message> 
  </Warning>  
  <Warning error="false" xpath="id('sv6#area23#page72')" rootXPath="id('sv6')" key="" label="Aggiungi Reclutatore"> 
    <Message>Security Warning: the page 'Aggiungi Reclutatore' is public but no captcha field is configured on its form component</Message> 
  </Warning>  
  <Warning error="false" xpath="id('sv6#area22#page87')" rootXPath="id('sv6')" key="" label="Aggiungi Prenotazione Argomento"> 
    <Message>Security Warning: the page 'Aggiungi Prenotazione Argomento' is public but no captcha field is configured on its form component</Message> 
  </Warning>  
  <Warning error="false" xpath="id('sv6#area22#page90')" rootXPath="id('sv6')" key="" label="Aggiungi Prenotazione Corso"> 
    <Message>Security Warning: the page 'Aggiungi Prenotazione Corso' is public but no captcha field is configured on its form component</Message> 
  </Warning>  
  <Warning error="false" xpath="id('sv6#area24#page61')" rootXPath="id('sv6')" key="" label="Gestione Profilo"> 
    <Message>Security Warning: the page 'Gestione Profilo' is public but no captcha field is configured on its form component</Message> 
  </Warning> 
</Warnings>
